0,1,2,3,4,5,6,7
Rice,Ghee,Urad Dal,Toor Dal,Idli Rice,Sambar Powder,,
Atta,Urad Dal,Rice,Ghee,,,,
Sambar Powder,Toor Dal,Rice,Tea Powder,,,,
Urad Dal,Tea Powder,Paneer,,,,,
Sambar Powder,Toor Dal,Rice,Jaggery,,,,
Maggi,Atta,Biscuits,Ghee,,,,
Urad Dal,Ghee,Biscuits,,,,,
Curd,Rice,Maggi,Urad Dal,Idli Rice,Jaggery,,
Urad Dal,Idli Rice,Biscuits,,,,,
Coconut Oil,Atta,Urad Dal,Idli Rice,,,,
Biscuits,Urad Dal,Toor Dal,Tea Powder,Sambar Powder,,,
Biscuits,Coconut Oil,Urad Dal,Idli Rice,Tea Powder,,,
Curd,Rice,Biscuits,Ghee,Maggi,Toor Dal,Sambar Powder,
Maggi,Urad Dal,Rice,Tea Powder,,,,
Biscuits,Maggi,Idli Rice,Tea Powder,Paneer,Jaggery,,
Groundnut Oil,Idli Rice,,,,,,
Coconut Oil,Ghee,Atta,Paneer,,,,
Sambar Powder,Urad Dal,Paneer,,,,,
Curd,Groundnut Oil,Rice,Paneer,Jaggery,,,
Curd,Biscuits,Tea Powder,Ghee,,,,
Maggi,Urad Dal,Idli Rice,Tea Powder,,,,
Maggi,Idli Rice,Tea Powder,Jaggery,,,,
Sambar Powder,Rice,Biscuits,,,,,
Curd,Toor Dal,Idli Rice,,,,,
Rice,Toor Dal,Tea Powder,Sambar Powder,Atta,,,
Urad Dal,Toor Dal,Ghee,Atta,,,,
Biscuits,Maggi,Toor Dal,Tea Powder,Atta,,,
Curd,Toor Dal,Paneer,,,,,
Curd,Ghee,,,,,,
Curd,Groundnut Oil,Ghee,Biscuits,Maggi,Paneer,Jaggery,
Maggi,Coconut Oil,Urad Dal,Paneer,,,,
Maggi,Atta,Idli Rice,Biscuits,,,,
Rice,Coconut Oil,Urad Dal,Toor Dal,Sambar Powder,Atta,,
Biscuits,Maggi,Toor Dal,Sambar Powder,Jaggery,,,
Curd,Rice,Biscuits,Maggi,Toor Dal,Atta,,
Curd,Groundnut Oil,Rice,Toor Dal,Idli Rice,Sambar Powder,Atta,
Maggi,Toor Dal,Ghee,,,,,
Curd,Rice,Biscuits,Maggi,Toor Dal,Idli Rice,Sambar Powder,
Curd,Rice,Urad Dal,Idli Rice,Sambar Powder,,,
Curd,Groundnut Oil,Biscuits,Ghee,Maggi,Atta,,
Coconut Oil,Toor Dal,Urad Dal,Tea Powder,Idli Rice,Paneer,Atta,
Rice,Ghee,Biscuits,Maggi,Toor Dal,Tea Powder,,
Maggi,Groundnut Oil,,,,,,
Rice,Ghee,Biscuits,Urad Dal,Tea Powder,,,
Biscuits,Maggi,Idli Rice,Tea Powder,Atta,,,
Curd,Biscuits,Maggi,Urad Dal,Idli Rice,Paneer,,
Sambar Powder,Biscuits,Maggi,Ghee,,,,
Curd,Coconut Oil,Biscuits,,,,,
Idli Rice,Tea Powder,Paneer,,,,,
Curd,Atta,Sambar Powder,,,,,
Ghee,Biscuits,Coconut Oil,Toor Dal,Tea Powder,,,
Groundnut Oil,Biscuits,Urad Dal,Paneer,Atta,,,
Maggi,Tea Powder,Jaggery,,,,,
Curd,Rice,Urad Dal,Toor Dal,Paneer,Sambar Powder,,
Atta,Biscuits,,,,,,
Curd,Atta,Rice,Idli Rice,,,,
Groundnut Oil,Biscuits,Maggi,Idli Rice,Jaggery,,,
Curd,Coconut Oil,Urad Dal,Biscuits,,,,
Curd,Groundnut Oil,Maggi,Urad Dal,Idli Rice,Paneer,Sambar Powder,
Curd,Rice,Tea Powder,Biscuits,,,,
Biscuits,Tea Powder,Ghee,,,,,
Atta,Groundnut Oil,Jaggery,Paneer,,,,
Atta,Idli Rice,Ghee,Jaggery,,,,
Curd,Groundnut Oil,Ghee,Maggi,Paneer,,,
Rice,Ghee,Biscuits,Maggi,Tea Powder,Atta,,
Groundnut Oil,Biscuits,Coconut Oil,Tea Powder,Sambar Powder,Jaggery,,
Curd,Rice,Biscuits,Ghee,Maggi,,,
Groundnut Oil,Rice,Ghee,Biscuits,Maggi,Coconut Oil,Tea Powder,
Groundnut Oil,Ghee,,,,,,
Atta,Urad Dal,Tea Powder,Ghee,,,,
Groundnut Oil,Tea Powder,Ghee,Biscuits,,,,
Curd,Maggi,Toor Dal,Urad Dal,Atta,,,
Biscuits,Ghee,Toor Dal,Tea Powder,Sambar Powder,Atta,,
Curd,Biscuits,Urad Dal,Idli Rice,Paneer,Sambar Powder,,
Atta,Groundnut Oil,Rice,Toor Dal,,,,
Biscuits,Coconut Oil,Idli Rice,Tea Powder,Paneer,Jaggery,,
Sambar Powder,Atta,Ghee,Jaggery,,,,
Maggi,Groundnut Oil,Rice,,,,,
Biscuits,Maggi,Coconut Oil,Toor Dal,Idli Rice,,,
Curd,Biscuits,Maggi,Toor Dal,Paneer,Jaggery,,
Biscuits,Maggi,Urad Dal,Idli Rice,Tea Powder,Sambar Powder,,
Curd,Ghee,Urad Dal,Idli Rice,Paneer,Atta,,
Curd,Biscuits,Tea Powder,Atta,Jaggery,,,
Maggi,Coconut Oil,Biscuits,Paneer,,,,
Ghee,Biscuits,Maggi,Toor Dal,Tea Powder,Jaggery,,
Coconut Oil,Atta,Ghee,Maggi,,,,
Rice,Ghee,Biscuits,Urad Dal,Idli Rice,Sambar Powder,Atta,
Biscuits,Tea Powder,Paneer,Atta,Jaggery,,,
Curd,Rice,Biscuits,Maggi,Urad Dal,Tea Powder,,
Curd,Rice,Urad Dal,Tea Powder,Idli Rice,Paneer,,
Curd,Ghee,Biscuits,Urad Dal,Tea Powder,,,
Curd,Urad Dal,,,,,,
Curd,Groundnut Oil,Toor Dal,Paneer,Sambar Powder,,,
Toor Dal,Tea Powder,,,,,,
Sambar Powder,Maggi,Biscuits,Paneer,,,,
Curd,Biscuits,Maggi,Urad Dal,Jaggery,,,
Rice,Biscuits,Urad Dal,Idli Rice,Paneer,,,
Curd,Rice,Biscuits,Tea Powder,Jaggery,,,
Urad Dal,Idli Rice,Sambar Powder,Atta,Jaggery,,,
Tea Powder,Ghee,,,,,,
Curd,Biscuits,Tea Powder,Maggi,,,,
Coconut Oil,Rice,Biscuits,Atta,,,,
Curd,Biscuits,Coconut Oil,Tea Powder,Jaggery,,,
Maggi,Urad Dal,Biscuits,Sambar Powder,,,,
Sambar Powder,Biscuits,Paneer,,,,,
Groundnut Oil,Urad Dal,Idli Rice,Tea Powder,Sambar Powder,,,
Ghee,Biscuits,Urad Dal,Toor Dal,Atta,,,
Idli Rice,Paneer,,,,,,
Rice,Toor Dal,Urad Dal,Paneer,Sambar Powder,,,
Curd,Ghee,Biscuits,Toor Dal,Tea Powder,Paneer,,
Atta,Biscuits,Ghee,,,,,
Ghee,Maggi,Urad Dal,Tea Powder,Paneer,Atta,Jaggery,
Groundnut Oil,Ghee,Biscuits,Urad Dal,Idli Rice,Tea Powder,,
Maggi,Ghee,Biscuits,,,,,
Idli Rice,Biscuits,Paneer,Jaggery,,,,
Curd,Rice,Toor Dal,Idli Rice,Sambar Powder,,,
Groundnut Oil,Biscuits,Coconut Oil,Idli Rice,Paneer,,,
Curd,Rice,Biscuits,Maggi,Sambar Powder,Jaggery,,
Groundnut Oil,Ghee,Idli Rice,Paneer,Atta,Jaggery,,
Groundnut Oil,Biscuits,Toor Dal,Idli Rice,Tea Powder,,,
Atta,Rice,Idli Rice,,,,,
Curd,Biscuits,Urad Dal,Idli Rice,Sambar Powder,,,
Rice,Ghee,Toor Dal,Idli Rice,Sambar Powder,,,
Curd,Coconut Oil,Tea Powder,Jaggery,,,,
Sambar Powder,Toor Dal,Maggi,Ghee,,,,
Sambar Powder,Atta,Groundnut Oil,Ghee,,,,
Maggi,Idli Rice,Paneer,,,,,
Atta,Groundnut Oil,Rice,Jaggery,,,,
Biscuits,Toor Dal,Urad Dal,Idli Rice,Tea Powder,Jaggery,,
Groundnut Oil,Rice,Maggi,Toor Dal,Paneer,Sambar Powder,Atta,
Biscuits,Maggi,Toor Dal,Sambar Powder,Atta,Jaggery,,
Curd,Coconut Oil,Idli Rice,Paneer,,,,
Sambar Powder,Idli Rice,Maggi,Curd,,,,
Curd,Tea Powder,Biscuits,Paneer,,,,
Groundnut Oil,Ghee,Toor Dal,Idli Rice,Sambar Powder,,,
Curd,Rice,Urad Dal,Toor Dal,Atta,,,
Curd,Rice,Ghee,Biscuits,Toor Dal,Sambar Powder,Atta,
Maggi,Coconut Oil,Ghee,Atta,,,,
Curd,Ghee,Paneer,,,,,
Ghee,Biscuits,Urad Dal,Toor Dal,Idli Rice,,,
Maggi,Groundnut Oil,Biscuits,Toor Dal,,,,
Coconut Oil,Idli Rice,,,,,,
Atta,Groundnut Oil,Ghee,Biscuits,,,,
Maggi,Rice,Biscuits,Jaggery,,,,
Rice,Ghee,Toor Dal,Idli Rice,Sambar Powder,,,
Sambar Powder,Coconut Oil,Ghee,Atta,,,,
Maggi,Groundnut Oil,Idli Rice,Biscuits,,,,
Curd,Atta,Toor Dal,Paneer,,,,
Ghee,Maggi,Urad Dal,Idli Rice,Sambar Powder,Jaggery,,
Maggi,Toor Dal,Rice,Sambar Powder,,,,
Rice,Biscuits,Toor Dal,Urad Dal,Idli Rice,Paneer,Sambar Powder,
Rice,Ghee,Maggi,Coconut Oil,Sambar Powder,Atta,,
Maggi,Coconut Oil,Curd,Paneer,,,,
Curd,Rice,Ghee,Urad Dal,Toor Dal,Sambar Powder,,
Rice,Biscuits,Coconut Oil,Idli Rice,Sambar Powder,,,
Coconut Oil,Toor Dal,Idli Rice,Jaggery,,,,
Biscuits,Idli Rice,Tea Powder,Paneer,,,,
Rice,Toor Dal,Urad Dal,Sambar Powder,Jaggery,,,
Maggi,Idli Rice,,,,,,
Biscuits,Maggi,Coconut Oil,Urad Dal,Atta,,,
Curd,Sambar Powder,Maggi,Biscuits,,,,
Groundnut Oil,Rice,Coconut Oil,Toor Dal,Atta,,,
Atta,Groundnut Oil,Rice,,,,,
Groundnut Oil,Rice,Coconut Oil,Toor Dal,Paneer,Sambar Powder,,
Coconut Oil,Jaggery,,,,,,
Rice,Toor Dal,Urad Dal,Idli Rice,Atta,Jaggery,,
Curd,Biscuits,Maggi,Urad Dal,Tea Powder,Paneer,,
Coconut Oil,Urad Dal,Idli Rice,Paneer,,,,
Groundnut Oil,Rice,Biscuits,Maggi,Urad Dal,Tea Powder,Sambar Powder,
Maggi,Paneer,,,,,,
Curd,Coconut Oil,Ghee,Paneer,,,,
Rice,Ghee,Maggi,Coconut Oil,Toor Dal,Tea Powder,Sambar Powder,Jaggery
Curd,Biscuits,Maggi,Urad Dal,Toor Dal,Atta,,
Biscuits,Maggi,Toor Dal,Paneer,Sambar Powder,Atta,,
Curd,Maggi,Biscuits,,,,,
Curd,Groundnut Oil,Rice,Ghee,Maggi,Tea Powder,Atta,
Rice,Ghee,Coconut Oil,Urad Dal,Atta,,,
Sambar Powder,Rice,Ghee,Jaggery,,,,
Curd,Biscuits,Toor Dal,Tea Powder,Sambar Powder,,,
Curd,Coconut Oil,Idli Rice,Paneer,Jaggery,,,
Biscuits,Coconut Oil,Urad Dal,Idli Rice,Sambar Powder,,,
Curd,Rice,Biscuits,Urad Dal,Toor Dal,Tea Powder,,
Curd,Biscuits,Maggi,Coconut Oil,Toor Dal,Tea Powder,Paneer,
Biscuits,Ghee,Maggi,Coconut Oil,Jaggery,,,
Atta,Groundnut Oil,Ghee,Paneer,,,,
Sambar Powder,Coconut Oil,Rice,Paneer,,,,
Rice,Biscuits,Maggi,Toor Dal,Sambar Powder,,,
Urad Dal,Toor Dal,Tea Powder,Biscuits,,,,
Groundnut Oil,Ghee,Biscuits,Coconut Oil,Atta,,,
Curd,Maggi,Toor Dal,Idli Rice,Paneer,,,
Urad Dal,Toor Dal,Idli Rice,Atta,Jaggery,,,
Groundnut Oil,Ghee,Biscuits,Maggi,Atta,,,
Rice,Biscuits,Toor Dal,Idli Rice,Tea Powder,Sambar Powder,Jaggery,
Groundnut Oil,Rice,Biscuits,Tea Powder,Paneer,Sambar Powder,Atta,
Curd,Ghee,Tea Powder,Paneer,Jaggery,,,
Idli Rice,Paneer,,,,,,
Ghee,Biscuits,Idli Rice,Atta,Jaggery,,,
Maggi,Groundnut Oil,Ghee,Biscuits,,,,
Maggi,Groundnut Oil,Tea Powder,Biscuits,,,,
Sambar Powder,Atta,Groundnut Oil,Ghee,,,,
Curd,Idli Rice,Biscuits,Paneer,,,,
Sambar Powder,Idli Rice,,,,,,
Sambar Powder,Maggi,Biscuits,Paneer,,,,
Curd,Toor Dal,Rice,Sambar Powder,,,,
Sambar Powder,Atta,Paneer,,,,,
Curd,Urad Dal,Paneer,Atta,Jaggery,,,
Rice,Ghee,Toor Dal,Sambar Powder,Jaggery,,,
Atta,Rice,Idli Rice,,,,,
Groundnut Oil,Rice,Biscuits,Paneer,Jaggery,,,
Groundnut Oil,Biscuits,Maggi,Toor Dal,Tea Powder,Paneer,,
Curd,Atta,Groundnut Oil,Ghee,,,,
Curd,Urad Dal,,,,,,
Groundnut Oil,Biscuits,Maggi,Tea Powder,Jaggery,,,
Sambar Powder,Toor Dal,,,,,,
Sambar Powder,Tea Powder,Biscuits,Jaggery,,,,
Curd,Groundnut Oil,Ghee,Biscuits,Maggi,Idli Rice,,
Curd,Biscuits,Urad Dal,Idli Rice,Tea Powder,Paneer,,
Maggi,Idli Rice,,,,,,
Rice,Urad Dal,Toor Dal,Sambar Powder,Atta,,,
Curd,Rice,Biscuits,Toor Dal,Sambar Powder,,,
Curd,Ghee,,,,,,
Rice,Coconut Oil,Urad Dal,Toor Dal,Sambar Powder,,,
Coconut Oil,Groundnut Oil,Paneer,,,,,
Curd,Biscuits,Maggi,Toor Dal,Idli Rice,Tea Powder,,
Curd,Groundnut Oil,Tea Powder,Paneer,,,,
Coconut Oil,Toor Dal,Tea Powder,Ghee,,,,
Urad Dal,Rice,,,,,,
Curd,Groundnut Oil,Paneer,Toor Dal,,,,
Ghee,Urad Dal,Idli Rice,Sambar Powder,Jaggery,,,
Sambar Powder,Tea Powder,,,,,,
Coconut Oil,Rice,Ghee,Atta,,,,
Groundnut Oil,Biscuits,Toor Dal,Urad Dal,Idli Rice,Sambar Powder,Jaggery,
Curd,Coconut Oil,Jaggery,,,,,
Maggi,Coconut Oil,Ghee,Biscuits,,,,
Curd,Rice,Maggi,Idli Rice,Tea Powder,Paneer,,
Curd,Rice,Ghee,Biscuits,Maggi,Idli Rice,Paneer,
Urad Dal,Toor Dal,Idli Rice,Paneer,,,,
Curd,Groundnut Oil,Urad Dal,Tea Powder,Paneer,Jaggery,,
Biscuits,Tea Powder,Paneer,Sambar Powder,Atta,,,
Sambar Powder,Atta,Tea Powder,Biscuits,,,,
Curd,Rice,Biscuits,Maggi,Toor Dal,Sambar Powder,,
Idli Rice,Ghee,Tea Powder,,,,,
Rice,Biscuits,Ghee,Maggi,Atta,,,
Atta,Ghee,Biscuits,,,,,
Curd,Groundnut Oil,Biscuits,Ghee,Maggi,Idli Rice,Atta,
Curd,Tea Powder,Ghee,Jaggery,,,,
Curd,Biscuits,Coconut Oil,Tea Powder,Sambar Powder,Atta,,
Atta,Groundnut Oil,Ghee,Jaggery,,,,
Maggi,Paneer,,,,,,
Biscuits,Maggi,Tea Powder,Paneer,Jaggery,,,
Maggi,Ghee,Biscuits,,,,,
Sambar Powder,Biscuits,Paneer,,,,,
Urad Dal,Idli Rice,Paneer,,,,,
Toor Dal,Paneer,,,,,,
Rice,Ghee,Urad Dal,Toor Dal,Paneer,Sambar Powder,Atta,
Toor Dal,Tea Powder,Biscuits,,,,,
Rice,Ghee,Maggi,Toor Dal,Sambar Powder,,,
Maggi,Tea Powder,Curd,Paneer,,,,
Maggi,Urad Dal,Idli Rice,Biscuits,,,,
Groundnut Oil,Ghee,Maggi,Urad Dal,Idli Rice,Jaggery,,
Biscuits,Urad Dal,Idli Rice,Atta,Jaggery,,,
Curd,Biscuits,Idli Rice,Tea Powder,Paneer,,,
Biscuits,Urad Dal,Tea Powder,Paneer,Jaggery,,,
Curd,Groundnut Oil,Rice,Toor Dal,Tea Powder,Paneer,Sambar Powder,Atta
Sambar Powder,Atta,Ghee,Paneer,,,,
Rice,Ghee,Urad Dal,Toor Dal,Paneer,Sambar Powder,Atta,
Biscuits,Maggi,Coconut Oil,Toor Dal,Tea Powder,Sambar Powder,,
Groundnut Oil,Maggi,Coconut Oil,Paneer,Atta,,,
Maggi,Urad Dal,Groundnut Oil,Tea Powder,,,,
Sambar Powder,Urad Dal,Rice,Toor Dal,,,,
Atta,Groundnut Oil,,,,,,
Rice,Idli Rice,Ghee,Jaggery,,,,
Rice,Ghee,Coconut Oil,Urad Dal,Toor Dal,Sambar Powder,,
Biscuits,Ghee,Maggi,Paneer,Jaggery,,,
Ghee,Maggi,Coconut Oil,Paneer,Atta,,,
Curd,Rice,Ghee,Toor Dal,Tea Powder,Paneer,Atta,
Rice,Toor Dal,Sambar Powder,Atta,Jaggery,,,
Groundnut Oil,Ghee,Paneer,,,,,
Groundnut Oil,Maggi,Urad Dal,Idli Rice,Sambar Powder,,,
Groundnut Oil,Biscuits,Coconut Oil,Idli Rice,Tea Powder,Sambar Powder,,
Rice,Maggi,Toor Dal,Tea Powder,Sambar Powder,Atta,,
Toor Dal,Idli Rice,,,,,,
Ghee,Biscuits,Maggi,Coconut Oil,Idli Rice,Atta,Jaggery,
Maggi,Rice,Biscuits,,,,,
Biscuits,Toor Dal,Urad Dal,Tea Powder,Jaggery,,,
Curd,Atta,Idli Rice,Paneer,,,,
Curd,Groundnut Oil,Ghee,Biscuits,Maggi,Urad Dal,Sambar Powder,
Curd,Rice,Coconut Oil,Toor Dal,Paneer,Sambar Powder,,
Curd,Toor Dal,Biscuits,Paneer,,,,
Maggi,Coconut Oil,Ghee,,,,,
Atta,Urad Dal,Idli Rice,Ghee,,,,
Atta,Jaggery,Paneer,,,,,
Groundnut Oil,Ghee,Urad Dal,Tea Powder,Idli Rice,Atta,,
Coconut Oil,Toor Dal,Idli Rice,Urad Dal,,,,
Maggi,Tea Powder,Ghee,Paneer,,,,
Curd,Rice,Tea Powder,Paneer,Jaggery,,,
Maggi,Urad Dal,Biscuits,Paneer,,,,
Curd,Maggi,Tea Powder,Paneer,Sambar Powder,,,
Curd,Urad Dal,Sambar Powder,Idli Rice,,,,
Curd,Rice,Biscuits,Toor Dal,Paneer,Sambar Powder,,
Groundnut Oil,Maggi,Toor Dal,Urad Dal,Idli Rice,Sambar Powder,,
Biscuits,Maggi,Toor Dal,Tea Powder,Sambar Powder,Atta,,
Rice,Biscuits,Toor Dal,Idli Rice,Tea Powder,Jaggery,,
Rice,Ghee,Biscuits,Coconut Oil,Tea Powder,Paneer,Jaggery,
Curd,Biscuits,Urad Dal,Tea Powder,Sambar Powder,,,
Curd,Ghee,Maggi,Tea Powder,Paneer,Jaggery,,
Groundnut Oil,Rice,Toor Dal,Tea Powder,Sambar Powder,Atta,,
Curd,Groundnut Oil,Idli Rice,Paneer,Sambar Powder,Jaggery,,
Ghee,Biscuits,Maggi,Toor Dal,Atta,,,
Sambar Powder,Groundnut Oil,Rice,Jaggery,,,,
Groundnut Oil,Biscuits,Maggi,Coconut Oil,Tea Powder,,,
Groundnut Oil,Biscuits,Maggi,Toor Dal,Tea Powder,Jaggery,,
Curd,Biscuits,Coconut Oil,Urad Dal,Idli Rice,,,
Biscuits,Tea Powder,Ghee,Jaggery,,,,
Rice,Maggi,Urad Dal,Toor Dal,Idli Rice,Sambar Powder,Atta,
Groundnut Oil,Biscuits,,,,,,
Sambar Powder,Toor Dal,Rice,Ghee,,,,
Sambar Powder,Biscuits,Maggi,Paneer,,,,
Curd,Atta,Toor Dal,Ghee,,,,
Groundnut Oil,Biscuits,Ghee,Coconut Oil,Paneer,Atta,,
Maggi,Rice,Biscuits,,,,,
Groundnut Oil,Rice,Urad Dal,Idli Rice,Tea Powder,,,
Atta,Urad Dal,Rice,Ghee,,,,
Sambar Powder,Urad Dal,,,,,,
Rice,Tea Powder,,,,,,
Ghee,Coconut Oil,Idli Rice,Paneer,Atta,,,
Curd,Coconut Oil,Idli Rice,Paneer,Atta,,,
Groundnut Oil,Jaggery,,,,,,
Maggi,Coconut Oil,Idli Rice,,,,,
Ghee,Maggi,Urad Dal,Idli Rice,Tea Powder,,,
Groundnut Oil,Ghee,Urad Dal,Toor Dal,Atta,Jaggery,,
Rice,Toor Dal,Paneer,Sambar Powder,Jaggery,,,
Maggi,Jaggery,,,,,,
Rice,Biscuits,Idli Rice,Tea Powder,Jaggery,,,
Maggi,Coconut Oil,Curd,Biscuits,,,,
Rice,Ghee,Paneer,Sambar Powder,Atta,,,
Urad Dal,Rice,Tea Powder,Biscuits,,,,
Curd,Groundnut Oil,Ghee,Biscuits,Tea Powder,,,
Groundnut Oil,Rice,Toor Dal,Tea Powder,Sambar Powder,,,
Rice,Tea Powder,Biscuits,Paneer,,,,
Ghee,Biscuits,Maggi,Coconut Oil,Urad Dal,Atta,,
Biscuits,Maggi,Tea Powder,Paneer,Sambar Powder,Atta,,
Curd,Paneer,Sambar Powder,Atta,Jaggery,,,
Rice,Ghee,Paneer,Sambar Powder,Atta,,,
Curd,Groundnut Oil,Biscuits,Coconut Oil,Urad Dal,Tea Powder,Paneer,
Curd,Rice,Biscuits,Maggi,Urad Dal,Tea Powder,,
Groundnut Oil,Rice,Biscuits,Maggi,Tea Powder,Sambar Powder,,
Idli Rice,Tea Powder,,,,,,
Curd,Biscuits,Tea Powder,Sambar Powder,Atta,,,
Coconut Oil,Toor Dal,Idli Rice,,,,,
Groundnut Oil,Idli Rice,Jaggery,,,,,
Curd,Urad Dal,Idli Rice,Ghee,,,,
Curd,Urad Dal,Groundnut Oil,Idli Rice,,,,
Urad Dal,Groundnut Oil,Idli Rice,Ghee,,,,
Biscuits,Maggi,Idli Rice,Tea Powder,Sambar Powder,Jaggery,,
Curd,Biscuits,Maggi,Urad Dal,Tea Powder,Paneer,,
Maggi,Urad Dal,Rice,Paneer,,,,
Curd,Groundnut Oil,Maggi,Idli Rice,Paneer,Sambar Powder,Jaggery,
Curd,Groundnut Oil,Coconut Oil,Urad Dal,Toor Dal,Paneer,Sambar Powder,
Curd,Rice,Ghee,Paneer,Sambar Powder,Atta,Jaggery,
Curd,Tea Powder,Paneer,,,,,
Curd,Urad Dal,Toor Dal,Paneer,,,,
Maggi,Ghee,Biscuits,,,,,
Groundnut Oil,Rice,Ghee,Maggi,Toor Dal,Sambar Powder,,
Maggi,Atta,Groundnut Oil,,,,,
Curd,Groundnut Oil,Tea Powder,Paneer,Atta,,,
Biscuits,Ghee,Urad Dal,Tea Powder,Jaggery,,,
Maggi,Ghee,Biscuits,,,,,
Urad Dal,Idli Rice,Tea Powder,Biscuits,,,,
Groundnut Oil,Ghee,Coconut Oil,Urad Dal,Atta,,,
Biscuits,Coconut Oil,Urad Dal,Toor Dal,Idli Rice,Tea Powder,Sambar Powder,
Sambar Powder,Atta,Ghee,Biscuits,,,,
Curd,Ghee,Paneer,,,,,
Rice,Biscuits,Coconut Oil,Urad Dal,Idli Rice,Atta,,
Curd,Rice,Toor Dal,Idli Rice,Sambar Powder,Atta,,
Groundnut Oil,Rice,Biscuits,Coconut Oil,Tea Powder,,,
Groundnut Oil,Toor Dal,,,,,,
Atta,Groundnut Oil,Rice,Ghee,,,,
Maggi,Toor Dal,,,,,,
Curd,Rice,Biscuits,Toor Dal,Paneer,Jaggery,,
Rice,Maggi,Coconut Oil,Toor Dal,Sambar Powder,Atta,,
Atta,Urad Dal,Rice,Ghee,,,,
Rice,Urad Dal,Toor Dal,Tea Powder,Sambar Powder,,,
Atta,Urad Dal,Ghee,Biscuits,,,,
Ghee,Maggi,Toor Dal,Tea Powder,Atta,,,
Groundnut Oil,Tea Powder,,,,,,
Curd,Biscuits,Maggi,Urad Dal,Tea Powder,Sambar Powder,,
Rice,Coconut Oil,Urad Dal,Idli Rice,Jaggery,,,
Curd,Biscuits,Maggi,Tea Powder,Paneer,Atta,,
Curd,Rice,Biscuits,Tea Powder,Paneer,,,
Ghee,Biscuits,Maggi,Urad Dal,Idli Rice,,,
Coconut Oil,Biscuits,,,,,,
Rice,Ghee,Biscuits,Toor Dal,Idli Rice,Tea Powder,Sambar Powder,
Curd,Idli Rice,Maggi,,,,,
Maggi,Atta,Ghee,,,,,
Atta,Toor Dal,Rice,Ghee,,,,
Curd,Maggi,Coconut Oil,Paneer,Atta,,,
Groundnut Oil,Rice,Toor Dal,Tea Powder,Sambar Powder,,,
Groundnut Oil,Rice,Toor Dal,Paneer,Sambar Powder,,,
Urad Dal,Rice,Idli Rice,Ghee,,,,
Rice,Maggi,Toor Dal,Tea Powder,Sambar Powder,Atta,Jaggery,
Ghee,Coconut Oil,Urad Dal,Atta,Jaggery,,,
Sambar Powder,Urad Dal,Maggi,Biscuits,,,,
Maggi,Tea Powder,Biscuits,,,,,
Curd,Rice,Maggi,Toor Dal,Paneer,,,
Maggi,Rice,Biscuits,Jaggery,,,,
Maggi,Coconut Oil,Urad Dal,Idli Rice,Tea Powder,,,
Curd,Biscuits,Maggi,Coconut Oil,Paneer,,,
Urad Dal,Toor Dal,Idli Rice,Ghee,,,,
Curd,Groundnut Oil,Biscuits,Ghee,Sambar Powder,Atta,,
Sambar Powder,Toor Dal,Rice,Biscuits,,,,
Curd,Urad Dal,Idli Rice,,,,,
Urad Dal,Idli Rice,Tea Powder,Ghee,,,,
Tea Powder,Biscuits,Paneer,Jaggery,,,,
Curd,Biscuits,Ghee,Idli Rice,Paneer,Atta,,
Biscuits,Maggi,Tea Powder,Paneer,Sambar Powder,Jaggery,,
Sambar Powder,Urad Dal,,,,,,
Curd,Urad Dal,Idli Rice,Biscuits,,,,
Groundnut Oil,Biscuits,Maggi,Tea Powder,Paneer,Jaggery,,
Groundnut Oil,Rice,Ghee,Coconut Oil,Urad Dal,Toor Dal,Sambar Powder,Atta
Sambar Powder,Atta,Ghee,,,,,
Maggi,Urad Dal,Ghee,Biscuits,,,,
Rice,Toor Dal,Sambar Powder,Atta,Jaggery,,,
Sambar Powder,Toor Dal,Rice,Maggi,,,,
Curd,Groundnut Oil,Rice,Maggi,Urad Dal,Idli Rice,Atta,
Curd,Biscuits,Toor Dal,Idli Rice,Tea Powder,Sambar Powder,,
Curd,Biscuits,Tea Powder,Paneer,Jaggery,,,
Groundnut Oil,Rice,Tea Powder,Biscuits,,,,
Curd,Rice,Ghee,Coconut Oil,Paneer,Sambar Powder,Jaggery,
Curd,Rice,Idli Rice,Paneer,Sambar Powder,,,
Rice,Tea Powder,Biscuits,,,,,
Curd,Groundnut Oil,Coconut Oil,Urad Dal,Sambar Powder,,,
Sambar Powder,Toor Dal,Idli Rice,Groundnut Oil,,,,
Coconut Oil,Tea Powder,Paneer,Sambar Powder,Atta,,,
Rice,Biscuits,Toor Dal,Urad Dal,Tea Powder,Jaggery,,
Maggi,Urad Dal,Idli Rice,Paneer,,,,
Curd,Ghee,Maggi,Sambar Powder,Atta,,,
Biscuits,Ghee,Toor Dal,Idli Rice,Atta,Jaggery,,
Urad Dal,Idli Rice,Paneer,Atta,Jaggery,,,
Rice,Ghee,Jaggery,,,,,
Toor Dal,Rice,,,,,,
Maggi,Sambar Powder,Tea Powder,Biscuits,,,,
Groundnut Oil,Biscuits,Urad Dal,Idli Rice,Paneer,,,
Rice,Ghee,Biscuits,Coconut Oil,Idli Rice,Tea Powder,,
Curd,Ghee,Jaggery,,,,,
Groundnut Oil,Rice,Ghee,Biscuits,Maggi,Urad Dal,Tea Powder,
Tea Powder,Paneer,,,,,,
Curd,Ghee,Coconut Oil,Paneer,Atta,Jaggery,,
Curd,Rice,Urad Dal,Idli Rice,Paneer,,,
Atta,Ghee,Jaggery,,,,,
Groundnut Oil,Maggi,Idli Rice,Paneer,Jaggery,,,
Maggi,Biscuits,Idli Rice,Ghee,,,,
Rice,Biscuits,Maggi,Urad Dal,Idli Rice,,,
Curd,Urad Dal,Idli Rice,Paneer,Atta,,,
Ghee,Biscuits,Maggi,Idli Rice,Atta,,,
Rice,Biscuits,Coconut Oil,Toor Dal,Sambar Powder,Atta,,
Atta,Tea Powder,Biscuits,,,,,
Toor Dal,Rice,Tea Powder,Ghee,,,,
Curd,Toor Dal,Urad Dal,Idli Rice,Tea Powder,Jaggery,,
Curd,Idli Rice,Ghee,,,,,
Curd,Ghee,Maggi,Paneer,Sambar Powder,Atta,,
Rice,Jaggery,,,,,,
Curd,Rice,Maggi,Coconut Oil,Toor Dal,Sambar Powder,,
Curd,Rice,Coconut Oil,Urad Dal,Jaggery,,,
Curd,Coconut Oil,Paneer,Atta,Jaggery,,,
Curd,Rice,Paneer,Jaggery,,,,
Groundnut Oil,Maggi,Toor Dal,Tea Powder,Jaggery,,,
Ghee,Atta,Rice,Biscuits,,,,
Curd,Biscuits,Ghee,Maggi,Atta,,,
Groundnut Oil,Coconut Oil,Urad Dal,Toor Dal,Idli Rice,,,
Rice,Ghee,Maggi,Toor Dal,Tea Powder,Sambar Powder,Atta,Jaggery
Groundnut Oil,Biscuits,Maggi,Coconut Oil,Urad Dal,Jaggery,,
Maggi,Atta,Toor Dal,Ghee,,,,
Sambar Powder,Curd,Biscuits,Paneer,,,,
Idli Rice,Paneer,,,,,,
Curd,Groundnut Oil,Rice,Urad Dal,Toor Dal,Tea Powder,Sambar Powder,
Urad Dal,Idli Rice,Ghee,,,,,
Curd,Sambar Powder,Tea Powder,Biscuits,,,,
Tea Powder,Biscuits,,,,,,
Sambar Powder,Biscuits,Maggi,Paneer,,,,
Maggi,Biscuits,Tea Powder,Ghee,,,,
Curd,Groundnut Oil,Ghee,Coconut Oil,Urad Dal,Idli Rice,Paneer,
Biscuits,Coconut Oil,Tea Powder,Paneer,Sambar Powder,,,
Curd,Groundnut Oil,Rice,Ghee,Toor Dal,Sambar Powder,,
Coconut Oil,Idli Rice,Tea Powder,Urad Dal,,,,
Curd,Coconut Oil,Toor Dal,Urad Dal,Idli Rice,Paneer,,
Sambar Powder,Biscuits,Maggi,Jaggery,,,,
Atta,Tea Powder,,,,,,
Groundnut Oil,Maggi,Urad Dal,Idli Rice,Paneer,Sambar Powder,,
Curd,Coconut Oil,Urad Dal,Idli Rice,,,,
Rice,Idli Rice,Ghee,,,,,
Urad Dal,Rice,Idli Rice,,,,,
Urad Dal,Tea Powder,Ghee,Jaggery,,,,
Ghee,Biscuits,Maggi,Coconut Oil,Toor Dal,Idli Rice,Jaggery,
Curd,Urad Dal,Toor Dal,Idli Rice,Paneer,Atta,,
Sambar Powder,Toor Dal,Rice,Paneer,,,,
Curd,Groundnut Oil,Ghee,Coconut Oil,Atta,,,
Curd,Biscuits,Maggi,Coconut Oil,Idli Rice,Paneer,Atta,
Curd,Ghee,Biscuits,Maggi,Tea Powder,Atta,,
Curd,Biscuits,Coconut Oil,Paneer,Jaggery,,,
Groundnut Oil,Rice,Biscuits,Ghee,Idli Rice,Atta,,
Coconut Oil,Atta,Maggi,,,,,
Curd,Rice,Urad Dal,Toor Dal,Paneer,Sambar Powder,,
Curd,Coconut Oil,Sambar Powder,Atta,Jaggery,,,
Rice,Ghee,Maggi,Toor Dal,Tea Powder,Sambar Powder,Atta,
Ghee,Biscuits,Toor Dal,Tea Powder,Paneer,Atta,,
Curd,Groundnut Oil,Ghee,Maggi,Atta,,,
Curd,Groundnut Oil,Biscuits,Paneer,,,,
Rice,Toor Dal,Urad Dal,Paneer,Sambar Powder,Atta,,
Rice,Maggi,Coconut Oil,Tea Powder,Atta,,,
Curd,Tea Powder,Biscuits,Paneer,,,,
Rice,Ghee,Toor Dal,Sambar Powder,Atta,,,
Biscuits,Urad Dal,Idli Rice,Atta,Jaggery,,,
Groundnut Oil,Ghee,Toor Dal,Tea Powder,Atta,,,
Groundnut Oil,Rice,Ghee,Toor Dal,Paneer,Sambar Powder,,
Sambar Powder,Groundnut Oil,Tea Powder,,,,,
Curd,Atta,Idli Rice,Ghee,,,,
Maggi,Tea Powder,Biscuits,,,,,
Curd,Idli Rice,Paneer,Atta,Jaggery,,,
Biscuits,Idli Rice,Tea Powder,Sambar Powder,Jaggery,,,
Ghee,Maggi,Urad Dal,Atta,Jaggery,,,
Curd,Groundnut Oil,Maggi,Coconut Oil,Urad Dal,Idli Rice,,
Curd,Toor Dal,Rice,Sambar Powder,,,,
Rice,Biscuits,Toor Dal,Idli Rice,Sambar Powder,Atta,,
Sambar Powder,Coconut Oil,Biscuits,Maggi,,,,
Rice,Ghee,Coconut Oil,Idli Rice,Sambar Powder,,,
Coconut Oil,Groundnut Oil,Tea Powder,,,,,
Curd,Maggi,Paneer,Sambar Powder,Jaggery,,,
Curd,Biscuits,Maggi,Urad Dal,Toor Dal,Atta,,
Urad Dal,Tea Powder,Ghee,Biscuits,,,,
Maggi,Biscuits,Tea Powder,Ghee,,,,
Atta,Urad Dal,Idli Rice,Ghee,,,,
Ghee,Biscuits,Maggi,Urad Dal,Tea Powder,Jaggery,,
Coconut Oil,Rice,Tea Powder,Biscuits,,,,
Rice,Ghee,Urad Dal,Idli Rice,Tea Powder,,,
Groundnut Oil,Rice,Ghee,Toor Dal,Paneer,Sambar Powder,Jaggery,
Groundnut Oil,Ghee,Idli Rice,Tea Powder,Paneer,Sambar Powder,Atta,
Groundnut Oil,Biscuits,Maggi,Urad Dal,Sambar Powder,,,
Atta,Paneer,,,,,,
Groundnut Oil,Ghee,Toor Dal,Tea Powder,Atta,,,
Curd,Ghee,Coconut Oil,Urad Dal,Tea Powder,Atta,,
Curd,Biscuits,Idli Rice,Tea Powder,Paneer,,,
Maggi,Urad Dal,Idli Rice,Biscuits,,,,
Coconut Oil,Rice,,,,,,
Curd,Rice,Ghee,Biscuits,Maggi,Urad Dal,Idli Rice,
Curd,Rice,Coconut Oil,Toor Dal,Sambar Powder,,,
Rice,Biscuits,Urad Dal,Toor Dal,Sambar Powder,,,
Rice,Biscuits,Toor Dal,Tea Powder,Atta,,,
Ghee,Biscuits,Tea Powder,Paneer,Atta,,,
Rice,Biscuits,Coconut Oil,Tea Powder,Sambar Powder,Atta,,
Sambar Powder,Rice,Biscuits,Paneer,,,,
Urad Dal,Rice,,,,,,
Biscuits,Ghee,Idli Rice,Tea Powder,Sambar Powder,,,
Urad Dal,Idli Rice,Ghee,Jaggery,,,,
Rice,Urad Dal,Toor Dal,Idli Rice,Sambar Powder,,,
Maggi,Urad Dal,Rice,Groundnut Oil,,,,
Groundnut Oil,Biscuits,Maggi,Urad Dal,Idli Rice,Tea Powder,,
Biscuits,Maggi,Toor Dal,Tea Powder,Sambar Powder,,,
Biscuits,Coconut Oil,Urad Dal,Toor Dal,Sambar Powder,,,
Groundnut Oil,Tea Powder,,,,,,
Curd,Groundnut Oil,Rice,Toor Dal,Idli Rice,Paneer,Sambar Powder,
Groundnut Oil,Ghee,Maggi,Coconut Oil,Urad Dal,,,
Rice,Idli Rice,,,,,,
Rice,Biscuits,Maggi,Toor Dal,Idli Rice,Tea Powder,Sambar Powder,Jaggery
Maggi,Atta,Biscuits,Ghee,,,,
Rice,Coconut Oil,Urad Dal,Idli Rice,Sambar Powder,,,
Ghee,Coconut Oil,Toor Dal,Idli Rice,Atta,,,
Curd,Rice,Maggi,Urad Dal,Toor Dal,Paneer,Sambar Powder,Atta
Curd,Urad Dal,Idli Rice,Toor Dal,,,,
Biscuits,Ghee,Maggi,Idli Rice,Jaggery,,,
Curd,Rice,Urad Dal,Paneer,Atta,,,
Curd,Rice,Paneer,Jaggery,,,,
Ghee,Biscuits,Maggi,Urad Dal,Idli Rice,,,
Curd,Coconut Oil,Idli Rice,Paneer,,,,
Biscuits,Urad Dal,Idli Rice,Tea Powder,Jaggery,,,
Toor Dal,Rice,Paneer,,,,,
Curd,Rice,Coconut Oil,Toor Dal,Tea Powder,Paneer,Sambar Powder,
Curd,Coconut Oil,Groundnut Oil,Jaggery,,,,
Toor Dal,Groundnut Oil,,,,,,
Curd,Groundnut Oil,Coconut Oil,Urad Dal,Idli Rice,Paneer,,
Coconut Oil,Urad Dal,Idli Rice,Jaggery,,,,
Groundnut Oil,Rice,Paneer,,,,,
Curd,Tea Powder,Biscuits,Paneer,,,,
Curd,Ghee,Urad Dal,Idli Rice,Atta,Jaggery,,
Sambar Powder,Tea Powder,Ghee,Paneer,,,,
Curd,Rice,Tea Powder,Paneer,,,,
Maggi,Tea Powder,Biscuits,Jaggery,,,,
Curd,Biscuits,Ghee,Tea Powder,Paneer,Sambar Powder,Atta,
Curd,Ghee,Maggi,Tea Powder,Sambar Powder,,,
Ghee,Maggi,Idli Rice,Tea Powder,Atta,,,
Coconut Oil,Groundnut Oil,Tea Powder,Biscuits,,,,
Curd,Ghee,Coconut Oil,Paneer,Atta,,,
Toor Dal,Idli Rice,,,,,,
Curd,Groundnut Oil,Biscuits,Maggi,Urad Dal,Atta,Jaggery,
Rice,Biscuits,Ghee,Paneer,Sambar Powder,Atta,,
Rice,Biscuits,Maggi,Coconut Oil,Toor Dal,Jaggery,,
Rice,Toor Dal,Urad Dal,Paneer,Sambar Powder,,,
Groundnut Oil,Coconut Oil,Toor Dal,Tea Powder,Paneer,,,
Rice,Ghee,Urad Dal,Idli Rice,Tea Powder,Jaggery,,
Rice,Maggi,Urad Dal,Toor Dal,Tea Powder,Sambar Powder,Jaggery,
Maggi,Coconut Oil,Tea Powder,Atta,Jaggery,,,
Groundnut Oil,Rice,Toor Dal,Tea Powder,Paneer,Sambar Powder,,
Curd,Biscuits,Maggi,Urad Dal,Idli Rice,,,
Maggi,Urad Dal,Idli Rice,Tea Powder,Atta,Jaggery,,
Rice,Idli Rice,Biscuits,,,,,
Maggi,Biscuits,Tea Powder,Ghee,,,,
Maggi,Sambar Powder,Curd,Jaggery,,,,
Ghee,Coconut Oil,Paneer,Sambar Powder,Atta,Jaggery,,
Curd,Biscuits,Maggi,Paneer,,,,
Urad Dal,Toor Dal,Groundnut Oil,Tea Powder,,,,
Curd,Maggi,Ghee,Paneer,,,,
Sambar Powder,Idli Rice,Maggi,Biscuits,,,,
Groundnut Oil,Ghee,Paneer,Sambar Powder,Atta,Jaggery,,
Sambar Powder,Urad Dal,,,,,,
Rice,Ghee,Urad Dal,Toor Dal,Sambar Powder,Atta,,
Curd,Groundnut Oil,Ghee,Tea Powder,Atta,,,
Curd,Rice,Biscuits,Ghee,Coconut Oil,Toor Dal,Sambar Powder,
Rice,Ghee,Biscuits,Toor Dal,Tea Powder,Sambar Powder,,
Groundnut Oil,Rice,Paneer,Toor Dal,,,,
Coconut Oil,Ghee,Atta,Paneer,,,,
Curd,Biscuits,Maggi,Urad Dal,Tea Powder,,,
Ghee,Toor Dal,Sambar Powder,Atta,Jaggery,,,
Curd,Toor Dal,Idli Rice,,,,,
Maggi,Atta,Groundnut Oil,Biscuits,,,,
Groundnut Oil,Ghee,Biscuits,Maggi,Coconut Oil,Tea Powder,,
Idli Rice,Paneer,,,,,,
Curd,Ghee,Urad Dal,Tea Powder,Paneer,Atta,,
Atta,Urad Dal,Ghee,,,,,
Sambar Powder,Biscuits,Jaggery,,,,,
Biscuits,Tea Powder,Sambar Powder,Atta,Jaggery,,,
Curd,Coconut Oil,Toor Dal,Tea Powder,Paneer,,,
Sambar Powder,Groundnut Oil,Jaggery,,,,,
Ghee,Biscuits,Toor Dal,Tea Powder,Atta,,,
Sambar Powder,Curd,Paneer,Jaggery,,,,
Curd,Groundnut Oil,Biscuits,Urad Dal,Tea Powder,Paneer,,
Rice,Maggi,Idli Rice,Atta,Jaggery,,,
Urad Dal,Groundnut Oil,Toor Dal,,,,,
Biscuits,Ghee,Urad Dal,Idli Rice,Tea Powder,Atta,,
Coconut Oil,Urad Dal,,,,,,
Curd,Rice,Toor Dal,Paneer,Jaggery,,,
Biscuits,Maggi,Coconut Oil,Urad Dal,Tea Powder,Atta,,
Curd,Groundnut Oil,Biscuits,Maggi,Coconut Oil,Tea Powder,,
Groundnut Oil,Ghee,Coconut Oil,Toor Dal,Urad Dal,Sambar Powder,Atta,
Sambar Powder,Groundnut Oil,Rice,Toor Dal,,,,
Curd,Coconut Oil,Jaggery,,,,,
Curd,Groundnut Oil,Idli Rice,Paneer,,,,
Sambar Powder,Groundnut Oil,Curd,Paneer,,,,
Curd,Urad Dal,Paneer,Toor Dal,,,,
Maggi,Tea Powder,Biscuits,Paneer,,,,
Biscuits,Paneer,,,,,,
Curd,Rice,Paneer,Sambar Powder,Jaggery,,,
Atta,Ghee,,,,,,
Curd,Rice,Toor Dal,Sambar Powder,Atta,,,
Curd,Groundnut Oil,Coconut Oil,Tea Powder,Paneer,,,
Coconut Oil,Idli Rice,Biscuits,,,,,
Sambar Powder,Groundnut Oil,Tea Powder,Biscuits,,,,
Curd,Biscuits,Tea Powder,Maggi,,,,
Curd,Urad Dal,Idli Rice,Sambar Powder,Atta,,,
Sambar Powder,Toor Dal,Groundnut Oil,Biscuits,,,,
Maggi,Urad Dal,Idli Rice,Tea Powder,Paneer,Atta,,
Idli Rice,Urad Dal,Tea Powder,,,,,
Curd,Biscuits,Toor Dal,Tea Powder,Paneer,,,
Curd,Groundnut Oil,Maggi,Toor Dal,Urad Dal,Idli Rice,Atta,
Atta,Toor Dal,Tea Powder,Biscuits,,,,
Maggi,Urad Dal,Rice,Biscuits,,,,
Groundnut Oil,Biscuits,Coconut Oil,Urad Dal,Tea Powder,,,
Maggi,Ghee,Jaggery,,,,,
Curd,Groundnut Oil,Maggi,Urad Dal,Idli Rice,Paneer,Jaggery,
Curd,Rice,Toor Dal,Sambar Powder,Jaggery,,,
Maggi,Coconut Oil,Biscuits,Ghee,,,,
Coconut Oil,Groundnut Oil,,,,,,
Coconut Oil,Biscuits,,,,,,
Sambar Powder,Idli Rice,Urad Dal,Groundnut Oil,,,,
Ghee,Maggi,Urad Dal,Idli Rice,Jaggery,,,
Curd,Coconut Oil,Rice,Paneer,,,,
Curd,Idli Rice,Tea Powder,,,,,
Curd,Rice,Maggi,Coconut Oil,Paneer,,,
Groundnut Oil,Rice,Coconut Oil,Toor Dal,Sambar Powder,Jaggery,,
Curd,Groundnut Oil,Rice,Maggi,Toor Dal,Tea Powder,Sambar Powder,Atta
Biscuits,Maggi,Toor Dal,Idli Rice,Jaggery,,,
Maggi,Coconut Oil,Biscuits,Atta,,,,
Sambar Powder,Atta,Biscuits,Maggi,,,,
Ghee,Maggi,Toor Dal,Urad Dal,Paneer,Sambar Powder,Atta,
Maggi,Urad Dal,Groundnut Oil,,,,,
Biscuits,Maggi,Coconut Oil,Paneer,Sambar Powder,,,
Sambar Powder,Atta,,,,,,
Biscuits,Urad Dal,Idli Rice,Tea Powder,Paneer,Sambar Powder,,
Idli Rice,Tea Powder,,,,,,
Curd,Rice,Urad Dal,Toor Dal,Paneer,Jaggery,,
Sambar Powder,Groundnut Oil,Tea Powder,Biscuits,,,,
Biscuits,Maggi,Tea Powder,Paneer,Sambar Powder,Atta,,
Curd,Coconut Oil,Toor Dal,Urad Dal,Atta,,,
Rice,Maggi,Urad Dal,Toor Dal,Sambar Powder,,,
Maggi,Coconut Oil,Toor Dal,Ghee,,,,
Rice,Coconut Oil,Toor Dal,Tea Powder,Sambar Powder,Atta,Jaggery,
Groundnut Oil,Rice,Biscuits,Toor Dal,,,,
Curd,Rice,Maggi,Tea Powder,Paneer,,,
Maggi,Biscuits,,,,,,
Sambar Powder,Atta,Urad Dal,Ghee,,,,
Maggi,Biscuits,Tea Powder,Ghee,,,,
Rice,Ghee,Coconut Oil,Toor Dal,Sambar Powder,,,
Tea Powder,Biscuits,Jaggery,,,,,
Atta,Rice,,,,,,
Rice,Toor Dal,Urad Dal,Paneer,Sambar Powder,,,
Coconut Oil,Urad Dal,Idli Rice,Atta,Jaggery,,,
Curd,Urad Dal,Sambar Powder,Idli Rice,,,,
Curd,Biscuits,Ghee,Toor Dal,Paneer,,,
Curd,Coconut Oil,Toor Dal,Urad Dal,Idli Rice,Sambar Powder,Jaggery,
Idli Rice,Toor Dal,Tea Powder,Urad Dal,,,,
Groundnut Oil,Rice,Biscuits,Toor Dal,Tea Powder,Sambar Powder,,
Groundnut Oil,Ghee,Biscuits,Maggi,Tea Powder,Atta,,
Curd,Maggi,Idli Rice,Paneer,Sambar Powder,,,
Toor Dal,Jaggery,,,,,,
Ghee,Biscuits,Toor Dal,Urad Dal,Idli Rice,Sambar Powder,,
Ghee,Biscuits,Coconut Oil,Urad Dal,Atta,,,
Ghee,Urad Dal,Toor Dal,Paneer,Atta,,,
Groundnut Oil,Rice,Biscuits,Maggi,Toor Dal,Paneer,Sambar Powder,
Maggi,Tea Powder,Biscuits,,,,,
Curd,Atta,Urad Dal,Idli Rice,,,,
Rice,Ghee,Urad Dal,Sambar Powder,Atta,,,
Biscuits,Ghee,Coconut Oil,Urad Dal,Tea Powder,Idli Rice,Sambar Powder,
Curd,Groundnut Oil,Biscuits,Maggi,Atta,,,
Groundnut Oil,Rice,Ghee,Biscuits,Maggi,Idli Rice,,
Curd,Urad Dal,Toor Dal,Atta,,,,
Curd,Groundnut Oil,Urad Dal,Toor Dal,Sambar Powder,,,
Groundnut Oil,Rice,Maggi,Toor Dal,Sambar Powder,,,
Ghee,Maggi,Coconut Oil,Paneer,Atta,,,
Ghee,Coconut Oil,Toor Dal,Urad Dal,Idli Rice,Jaggery,,
Maggi,Biscuits,Tea Powder,Ghee,,,,
Curd,Ghee,Maggi,Tea Powder,Paneer,Sambar Powder,,
Groundnut Oil,Ghee,Tea Powder,Paneer,Atta,,,
Maggi,Atta,Idli Rice,Ghee,,,,
Curd,Ghee,Coconut Oil,Atta,Jaggery,,,
Curd,Maggi,Urad Dal,Idli Rice,Paneer,Jaggery,,
Curd,Rice,Toor Dal,Idli Rice,Sambar Powder,,,
Maggi,Toor Dal,Sambar Powder,Atta,Jaggery,,,
Rice,Biscuits,Tea Powder,Paneer,Sambar Powder,Jaggery,,
Curd,Groundnut Oil,Coconut Oil,Urad Dal,Idli Rice,Atta,,
Curd,Ghee,Biscuits,Urad Dal,Atta,,,
Curd,Biscuits,Urad Dal,Idli Rice,Tea Powder,Sambar Powder,,
Sambar Powder,Atta,Tea Powder,Biscuits,,,,
Atta,Jaggery,,,,,,
Curd,Groundnut Oil,Biscuits,Ghee,Urad Dal,Atta,,
Rice,Ghee,Maggi,Coconut Oil,Urad Dal,Paneer,Atta,
Sambar Powder,Curd,,,,,,
Curd,Rice,Maggi,Toor Dal,Tea Powder,Sambar Powder,Atta,
Rice,Coconut Oil,Toor Dal,Sambar Powder,Atta,,,
Tea Powder,Jaggery,,,,,,
Urad Dal,Toor Dal,,,,,,
Sambar Powder,Urad Dal,Jaggery,,,,,
Sambar Powder,Idli Rice,Biscuits,Tea Powder,,,,
Sambar Powder,Atta,Groundnut Oil,Ghee,,,,
Curd,Ghee,Coconut Oil,Paneer,Atta,,,
Curd,Atta,Groundnut Oil,Paneer,,,,
Maggi,Atta,Biscuits,,,,,
Groundnut Oil,Rice,Ghee,Maggi,Idli Rice,Atta,,
Curd,Rice,Biscuits,Urad Dal,Tea Powder,Paneer,,
Maggi,Biscuits,Idli Rice,Tea Powder,,,,
Maggi,Coconut Oil,Rice,Biscuits,,,,
Biscuits,Coconut Oil,Idli Rice,Tea Powder,Paneer,,,
Curd,Rice,Urad Dal,Toor Dal,Paneer,Sambar Powder,,
Biscuits,Maggi,Coconut Oil,Urad Dal,Jaggery,,,
Curd,Coconut Oil,Groundnut Oil,Biscuits,,,,
Curd,Rice,Biscuits,Maggi,Idli Rice,Tea Powder,Jaggery,
Curd,Coconut Oil,Idli Rice,Atta,Jaggery,,,
Maggi,Tea Powder,Biscuits,,,,,
Rice,Toor Dal,Tea Powder,Sambar Powder,Jaggery,,,
Curd,Biscuits,Urad Dal,Atta,Jaggery,,,
Curd,Urad Dal,Rice,Paneer,,,,
Maggi,Biscuits,Paneer,,,,,
Curd,Groundnut Oil,Rice,Coconut Oil,Urad Dal,Paneer,,
Maggi,Atta,,,,,,
Curd,Rice,Maggi,Paneer,Sambar Powder,,,
Maggi,Tea Powder,Curd,Paneer,,,,
Curd,Rice,Ghee,Biscuits,Maggi,Paneer,,
Curd,Coconut Oil,Rice,Paneer,,,,
Curd,Groundnut Oil,Biscuits,Maggi,Tea Powder,Paneer,Atta,
Rice,Biscuits,Maggi,Paneer,Jaggery,,,
Sambar Powder,Rice,Paneer,,,,,
Groundnut Oil,Rice,Toor Dal,,,,,
Curd,Urad Dal,Paneer,Jaggery,,,,
Maggi,Rice,Curd,Jaggery,,,,
Ghee,Idli Rice,Tea Powder,,,,,
Curd,Groundnut Oil,Biscuits,Paneer,Atta,,,
Curd,Urad Dal,Toor Dal,Idli Rice,Tea Powder,,,
Rice,Ghee,Biscuits,Maggi,Coconut Oil,,,
Curd,Rice,Urad Dal,Tea Powder,Paneer,Sambar Powder,Atta,
Biscuits,Tea Powder,Ghee,Jaggery,,,,
Toor Dal,Groundnut Oil,Idli Rice,Paneer,,,,
Groundnut Oil,Rice,Ghee,Maggi,Atta,,,
Curd,Atta,Toor Dal,Paneer,,,,
Curd,Biscuits,Maggi,Tea Powder,Atta,,,
Urad Dal,Groundnut Oil,Paneer,,,,,
Maggi,Coconut Oil,Toor Dal,Biscuits,,,,
Groundnut Oil,Biscuits,Ghee,Maggi,Toor Dal,,,
Rice,Paneer,,,,,,
Rice,Urad Dal,Idli Rice,Tea Powder,Sambar Powder,Atta,,
Groundnut Oil,Biscuits,Maggi,Idli Rice,Tea Powder,Atta,,
Groundnut Oil,Biscuits,Coconut Oil,Toor Dal,Tea Powder,Jaggery,,
Curd,Rice,Coconut Oil,Toor Dal,Idli Rice,Tea Powder,Paneer,
Ghee,Toor Dal,Idli Rice,Sambar Powder,Atta,,,
Coconut Oil,Groundnut Oil,Rice,Biscuits,,,,
Atta,Rice,Ghee,Paneer,,,,
Sambar Powder,Atta,Groundnut Oil,Ghee,,,,
Curd,Rice,Tea Powder,Paneer,Sambar Powder,,,
Curd,Rice,Maggi,Coconut Oil,Paneer,Jaggery,,
Rice,Maggi,Coconut Oil,Toor Dal,Sambar Powder,,,
Ghee,Maggi,Coconut Oil,Urad Dal,Toor Dal,Idli Rice,Atta,
Toor Dal,Idli Rice,Ghee,Tea Powder,,,,
Curd,Rice,Ghee,Paneer,Sambar Powder,,,
Sambar Powder,Urad Dal,Curd,Jaggery,,,,
Atta,Tea Powder,Ghee,Paneer,,,,
Groundnut Oil,Biscuits,Maggi,Coconut Oil,Urad Dal,Paneer,Sambar Powder,
Groundnut Oil,Rice,Ghee,Biscuits,Toor Dal,Sambar Powder,,
Maggi,Urad Dal,Ghee,Biscuits,,,,
Rice,Toor Dal,Idli Rice,Paneer,Sambar Powder,,,
Curd,Tea Powder,,,,,,
Biscuits,Coconut Oil,Tea Powder,Paneer,Atta,,,
Rice,Toor Dal,Idli Rice,Paneer,Sambar Powder,,,
Rice,Maggi,Coconut Oil,Toor Dal,Paneer,Sambar Powder,Jaggery,
Curd,Rice,Maggi,Idli Rice,Atta,,,
Maggi,Ghee,Jaggery,,,,,
Rice,Coconut Oil,Toor Dal,Idli Rice,Sambar Powder,,,
Curd,Atta,Biscuits,Maggi,,,,
Maggi,Biscuits,Jaggery,,,,,
Maggi,Tea Powder,Biscuits,Jaggery,,,,
Rice,Maggi,Coconut Oil,Urad Dal,Tea Powder,Idli Rice,,
Ghee,Maggi,Toor Dal,Tea Powder,Atta,Jaggery,,
Sambar Powder,Urad Dal,Rice,Toor Dal,,,,
Atta,Ghee,Paneer,,,,,
Urad Dal,Tea Powder,Biscuits,,,,,
Curd,Coconut Oil,Urad Dal,Paneer,,,,
Curd,Toor Dal,Biscuits,Paneer,,,,
Curd,Biscuits,Maggi,Coconut Oil,Paneer,Sambar Powder,,
Curd,Groundnut Oil,Biscuits,Urad Dal,Idli Rice,Tea Powder,,
Groundnut Oil,Ghee,Urad Dal,Toor Dal,Atta,,,
Maggi,Toor Dal,Groundnut Oil,Biscuits,,,,
Rice,Biscuits,Urad Dal,Toor Dal,Paneer,Sambar Powder,,
Groundnut Oil,Idli Rice,Toor Dal,,,,,
Maggi,Atta,Biscuits,Paneer,,,,
Groundnut Oil,Rice,Maggi,Toor Dal,Paneer,Sambar Powder,Atta,
Coconut Oil,Groundnut Oil,Idli Rice,,,,,
Atta,Tea Powder,Ghee,Jaggery,,,,
Atta,Toor Dal,Ghee,,,,,
Groundnut Oil,Ghee,Toor Dal,Urad Dal,Idli Rice,Paneer,Atta,
Ghee,Biscuits,Coconut Oil,Toor Dal,Atta,,,
Rice,Biscuits,Coconut Oil,Tea Powder,Atta,,,
Groundnut Oil,Biscuits,Urad Dal,Tea Powder,Idli Rice,Paneer,,
Ghee,Maggi,Urad Dal,Toor Dal,Idli Rice,,,
Curd,Ghee,Paneer,,,,,
Sambar Powder,Biscuits,Tea Powder,Maggi,,,,
Sambar Powder,Toor Dal,,,,,,
Ghee,Jaggery,,,,,,
Rice,Toor Dal,Urad Dal,Sambar Powder,Jaggery,,,
Atta,Tea Powder,Biscuits,Jaggery,,,,
Rice,Ghee,Coconut Oil,Urad Dal,Idli Rice,Atta,,
Groundnut Oil,Rice,Biscuits,Maggi,Sambar Powder,Atta,,
Curd,Rice,,,,,,
Idli Rice,Tea Powder,Ghee,Toor Dal,,,,
Curd,Rice,Toor Dal,Paneer,Sambar Powder,,,
Rice,Coconut Oil,Urad Dal,Toor Dal,Idli Rice,Sambar Powder,Atta,Jaggery
Ghee,Biscuits,Coconut Oil,Tea Powder,Jaggery,,,
Curd,Coconut Oil,Atta,,,,,
Biscuits,Tea Powder,Ghee,Jaggery,,,,
Biscuits,Maggi,Coconut Oil,Urad Dal,Jaggery,,,
Maggi,Biscuits,Tea Powder,Ghee,,,,
Curd,Groundnut Oil,Rice,Biscuits,Paneer,Sambar Powder,,
Groundnut Oil,Rice,Ghee,Toor Dal,,,,
Rice,Ghee,Coconut Oil,Idli Rice,Tea Powder,Atta,,
Curd,Ghee,Biscuits,Maggi,Idli Rice,Paneer,Sambar Powder,
Curd,Maggi,Coconut Oil,Urad Dal,Idli Rice,Atta,,
Biscuits,Maggi,Tea Powder,Paneer,Atta,,,
Ghee,Coconut Oil,Urad Dal,Tea Powder,Idli Rice,Jaggery,,
Ghee,Urad Dal,Idli Rice,Paneer,Sambar Powder,Atta,,
Curd,Biscuits,Maggi,Tea Powder,Idli Rice,,,
Urad Dal,Rice,,,,,,
Curd,Coconut Oil,Ghee,Atta,,,,
Coconut Oil,Urad Dal,Idli Rice,Paneer,,,,
Curd,Biscuits,Ghee,Atta,Jaggery,,,
Ghee,Coconut Oil,Urad Dal,Idli Rice,Sambar Powder,,,
Curd,Biscuits,Maggi,Urad Dal,Idli Rice,Tea Powder,,
Curd,Biscuits,Coconut Oil,Urad Dal,Idli Rice,Tea Powder,Paneer,
Sambar Powder,Atta,Idli Rice,Ghee,,,,
Curd,Atta,,,,,,
Rice,Biscuits,,,,,,
Groundnut Oil,Maggi,Idli Rice,Tea Powder,Jaggery,,,
Rice,Ghee,Maggi,Paneer,Atta,,,
Urad Dal,Rice,Biscuits,,,,,
Rice,Coconut Oil,Toor Dal,Idli Rice,Sambar Powder,Atta,,
Curd,Groundnut Oil,Ghee,Biscuits,Coconut Oil,Urad Dal,Tea Powder,
Toor Dal,Ghee,,,,,,
Rice,Coconut Oil,Toor Dal,Idli Rice,Sambar Powder,Atta,,
Curd,Ghee,Urad Dal,Idli Rice,Paneer,,,
Groundnut Oil,Rice,Urad Dal,Toor Dal,Sambar Powder,,,
Biscuits,Maggi,Toor Dal,Idli Rice,Paneer,,,
Biscuits,Toor Dal,Urad Dal,Idli Rice,Atta,,,
Curd,Urad Dal,Idli Rice,Biscuits,,,,
Curd,Biscuits,Rice,Maggi,,,,
Curd,Groundnut Oil,Ghee,Urad Dal,Atta,,,
Maggi,Toor Dal,Biscuits,Paneer,,,,
Curd,Biscuits,Maggi,Coconut Oil,Atta,,,
Sambar Powder,Groundnut Oil,Toor Dal,,,,,
Curd,Atta,Paneer,,,,,
Atta,Groundnut Oil,Idli Rice,Urad Dal,,,,
Atta,Rice,Tea Powder,Biscuits,,,,
Urad Dal,Rice,,,,,,
Maggi,Tea Powder,Biscuits,,,,,
Biscuits,Maggi,Urad Dal,Toor Dal,Idli Rice,Atta,,
Biscuits,Ghee,Coconut Oil,Tea Powder,Paneer,,,
Biscuits,Maggi,Urad Dal,Toor Dal,Tea Powder,Sambar Powder,,
Curd,Groundnut Oil,Ghee,Paneer,Atta,,,
Curd,Groundnut Oil,Rice,Urad Dal,Toor Dal,Paneer,,
Rice,Ghee,Maggi,Coconut Oil,Toor Dal,Idli Rice,Sambar Powder,Jaggery
Coconut Oil,Paneer,,,,,,
Urad Dal,Tea Powder,Biscuits,Paneer,,,,
Curd,Biscuits,Coconut Oil,Urad Dal,Tea Powder,Paneer,,
Curd,Rice,Ghee,Coconut Oil,Toor Dal,Paneer,Atta,
Ghee,Urad Dal,Paneer,Sambar Powder,Atta,,,
Biscuits,Maggi,Urad Dal,Idli Rice,Tea Powder,Sambar Powder,,
Atta,Toor Dal,Ghee,Biscuits,,,,
Sambar Powder,Atta,Rice,,,,,
Sambar Powder,Ghee,,,,,,
Toor Dal,Rice,,,,,,
Rice,Biscuits,Maggi,Tea Powder,Paneer,,,
Sambar Powder,Biscuits,,,,,,
Rice,Toor Dal,Idli Rice,Sambar Powder,Jaggery,,,
Curd,Biscuits,Coconut Oil,Idli Rice,Tea Powder,Paneer,Sambar Powder,
Atta,Biscuits,,,,,,
Rice,Ghee,Tea Powder,Sambar Powder,Atta,,,
Atta,Biscuits,,,,,,
Curd,Biscuits,Maggi,Urad Dal,Paneer,,,
Curd,Rice,Biscuits,Ghee,Paneer,Atta,,
Coconut Oil,Urad Dal,Idli Rice,Biscuits,,,,
Urad Dal,Tea Powder,Biscuits,Jaggery,,,,
Curd,Urad Dal,Idli Rice,Paneer,Atta,Jaggery,,
Groundnut Oil,Rice,Coconut Oil,Toor Dal,Sambar Powder,Atta,Jaggery,
Maggi,Rice,Jaggery,,,,,
Groundnut Oil,Biscuits,Ghee,Idli Rice,Tea Powder,Atta,,
Rice,Ghee,Biscuits,Toor Dal,Tea Powder,,,
Curd,Biscuits,Urad Dal,Tea Powder,Paneer,Atta,Jaggery,
Coconut Oil,Tea Powder,Ghee,Atta,,,,
Biscuits,Maggi,Toor Dal,Urad Dal,Atta,Jaggery,,
Groundnut Oil,Ghee,Biscuits,Coconut Oil,Urad Dal,Idli Rice,,
Maggi,Atta,Curd,Ghee,,,,
Rice,Biscuits,Toor Dal,Sambar Powder,Jaggery,,,
Coconut Oil,Idli Rice,,,,,,
Maggi,Groundnut Oil,Curd,Paneer,,,,
Rice,Ghee,Maggi,Sambar Powder,Atta,,,
Curd,Rice,Maggi,Toor Dal,Idli Rice,Paneer,,
Groundnut Oil,Biscuits,Coconut Oil,Toor Dal,Sambar Powder,,,
Curd,Rice,Biscuits,Urad Dal,Idli Rice,Jaggery,,
Rice,Ghee,Toor Dal,Urad Dal,Idli Rice,Atta,,
Maggi,Jaggery,,,,,,
Maggi,Urad Dal,Tea Powder,Biscuits,,,,
Curd,Maggi,Idli Rice,Paneer,Jaggery,,,
Rice,Biscuits,Toor Dal,Sambar Powder,Atta,,,
Rice,Toor Dal,Idli Rice,Paneer,Jaggery,,,
Toor Dal,Urad Dal,Idli Rice,Tea Powder,Jaggery,,,
Sambar Powder,Groundnut Oil,Rice,Idli Rice,,,,
Biscuits,Ghee,Maggi,Toor Dal,Paneer,,,
Biscuits,Maggi,Toor Dal,Paneer,Sambar Powder,,,
Groundnut Oil,Rice,Biscuits,Maggi,Urad Dal,Tea Powder,,
Maggi,Atta,Tea Powder,,,,,
Maggi,Sambar Powder,Tea Powder,Ghee,,,,
Curd,Biscuits,Maggi,Coconut Oil,Urad Dal,Paneer,,
Biscuits,Idli Rice,Tea Powder,Jaggery,,,,
Rice,Biscuits,Idli Rice,Tea Powder,Paneer,,,
Urad Dal,Groundnut Oil,Tea Powder,Ghee,,,,
Maggi,Toor Dal,Groundnut Oil,Sambar Powder,,,,
Curd,Maggi,Urad Dal,Toor Dal,Sambar Powder,,,
Sambar Powder,Atta,Curd,Biscuits,,,,
Sambar Powder,Urad Dal,Toor Dal,Rice,,,,
Urad Dal,Idli Rice,Ghee,,,,,
Curd,Idli Rice,Maggi,Paneer,,,,
Biscuits,Coconut Oil,Tea Powder,Idli Rice,Atta,,,
Curd,Ghee,Coconut Oil,Toor Dal,Atta,,,
Rice,Ghee,Toor Dal,Tea Powder,Sambar Powder,,,
Rice,Tea Powder,Sambar Powder,Atta,Jaggery,,,
Maggi,Rice,Tea Powder,Jaggery,,,,
Toor Dal,Idli Rice,Jaggery,,,,,
Curd,Groundnut Oil,Coconut Oil,Toor Dal,Paneer,Sambar Powder,Atta,
Curd,Rice,Tea Powder,Paneer,Sambar Powder,,,
Maggi,Sambar Powder,Paneer,,,,,
Idli Rice,Tea Powder,Paneer,Jaggery,,,,
Sambar Powder,Idli Rice,,,,,,
Biscuits,Maggi,Tea Powder,Sambar Powder,Atta,Jaggery,,
Maggi,Rice,Tea Powder,Biscuits,,,,
Curd,Groundnut Oil,Rice,Coconut Oil,Idli Rice,Tea Powder,Paneer,
Biscuits,Maggi,Urad Dal,Idli Rice,Atta,,,
Curd,Rice,Toor Dal,Paneer,Sambar Powder,,,
Atta,Toor Dal,Ghee,Jaggery,,,,
Groundnut Oil,Rice,Paneer,,,,,
Curd,Rice,Biscuits,Urad Dal,Tea Powder,Sambar Powder,,
Curd,Rice,Idli Rice,Maggi,,,,
Maggi,Urad Dal,Toor Dal,Idli Rice,,,,
Coconut Oil,Toor Dal,Jaggery,Urad Dal,,,,
Atta,Groundnut Oil,Idli Rice,Urad Dal,,,,
Coconut Oil,Atta,Tea Powder,Biscuits,,,,
Curd,Ghee,Toor Dal,Paneer,Sambar Powder,Atta,,
Ghee,Coconut Oil,Urad Dal,Idli Rice,Tea Powder,,,
